Price_id,Date,Open,High,Low,Close,Volume,Asset_id
1,2024-04-25,394.0300,399.8899,388.0300,399.0400,40586450,1
2,2024-04-24,409.5600,412.4700,406.7800,409.0600,15065330,1
3,2024-04-23,404.2350,408.2000,403.0600,407.5700,15734501,1
4,2024-04-22,400.0800,402.8500,395.7500,400.9600,20286875,1
5,2024-04-19,404.0300,405.4800,397.7700,399.1200,30565789,1
6,2024-04-18,410.6300,411.8900,403.9500,404.2700,21029917,1
7,2024-04-17,417.2500,418.8800,410.3300,411.8400,15855485,1
8,2024-04-16,414.5700,418.4000,413.7301,414.5800,16765616,1
9,2024-04-15,426.6000,426.8200,413.4300,413.6400,20273538,1
10,2024-04-12,424.0500,425.1794,419.7700,421.9000,19253750,1
11,2024-04-11,425.8200,429.3700,422.3600,427.9300,17966423,1
12,2024-04-10,422.1900,424.0300,419.7000,423.2600,16216581,1
13,2024-04-09,426.4400,427.7400,421.6200,426.2800,12468710,1
14,2024-04-08,425.1700,427.2800,423.3000,424.5900,14248192,1
15,2024-04-05,420.0100,426.5100,418.3200,425.5200,16526878,1
16,2024-04-04,424.9900,428.6700,417.5700,417.8800,19290884,1
17,2024-04-03,419.7300,423.2600,419.0850,420.4500,16462007,1
18,2024-04-02,420.1100,422.3800,417.8400,421.4400,17861855,1
19,2024-04-01,423.9500,427.8900,422.2200,424.5700,15602611,1
20,2024-03-28,420.9600,421.8700,419.1200,420.7200,21871161,1
21,2024-03-27,424.4400,424.4500,419.0100,421.4300,16704978,1
22,2024-03-26,425.6100,425.9900,421.3500,421.6500,16725647,1
23,2024-03-25,425.2400,427.4100,421.6100,422.8600,18060450,1
24,2024-03-22,429.7000,429.8600,426.0700,428.7400,17648473,1
25,2024-03-21,429.8300,430.8200,427.1600,429.3700,21296222,1
26,2024-03-20,422.0000,425.9600,420.6600,425.2300,17860085,1
27,2024-03-19,417.8300,421.6656,415.5500,421.4100,19837915,1
28,2024-03-18,414.2500,420.7300,413.7800,417.3200,20105977,1
29,2024-03-15,419.2900,422.6000,412.7900,416.4200,45079903,1
30,2024-03-14,420.2400,427.8200,417.9900,425.2200,33955263,1
31,2024-03-13,418.1000,418.1800,411.4500,415.1000,16990048,1
32,2024-03-12,407.6200,415.5700,406.7900,415.2800,21563656,1
33,2024-03-11,403.7600,405.6800,401.2600,404.5200,15998511,1
34,2024-03-08,407.9600,410.4200,404.3300,406.2200,18002186,1
35,2024-03-07,406.1200,409.7800,402.2400,409.1400,18718479,1
36,2024-03-06,402.9700,405.1600,398.3900,402.0900,22344149,1
37,2024-03-05,413.9600,414.2500,400.6400,402.6500,26919177,1
38,2024-03-04,413.4400,417.3500,412.3200,414.9200,17595956,1
39,2024-03-01,411.2700,415.8700,410.8800,415.5000,17823445,1
40,2024-02-29,408.6400,414.2000,405.9200,413.6400,31947263,1
41,2024-02-28,408.1750,409.3000,405.3201,407.7200,13183125,1
42,2024-02-27,407.9900,408.3200,403.8500,407.4800,14835827,1
43,2024-02-26,411.4550,412.1600,407.3600,407.5400,16193505,1
44,2024-02-23,415.6700,415.8600,408.9700,410.3400,16295879,1
45,2024-02-22,410.1900,412.8300,408.5700,411.6500,27009869,1
46,2024-02-21,400.1700,402.2900,397.2200,402.1800,18631072,1
47,2024-02-20,403.2400,404.4900,398.0100,402.7900,24307915,1
48,2024-02-16,407.9600,408.2900,403.4400,404.0600,22296495,1
49,2024-02-15,408.1400,409.1300,404.2900,406.5600,21825525,1
50,2024-02-14,408.0700,409.8400,404.5700,409.4900,20401190,1
51,2024-02-13,404.9400,410.0710,403.3900,406.3200,27824936,1
52,2024-02-12,420.5550,420.7400,414.7500,415.2600,21202921,1
53,2024-02-09,415.2500,420.8200,415.0900,420.5500,22032844,1
54,2024-02-08,414.0500,415.5600,412.5300,414.1100,21225257,1
55,2024-02-07,407.4400,414.3000,407.4000,414.0500,22340526,1
56,2024-02-06,405.8800,407.9700,402.9100,405.4900,18382624,1
57,2024-02-05,409.9000,411.1600,403.9900,405.6500,25352286,1
58,2024-02-02,403.8100,412.6500,403.5600,411.2200,28256670,1
59,2024-02-01,401.8300,408.0000,401.8000,403.7800,30657726,1
60,2024-01-31,406.9600,415.3200,397.2100,397.5800,47871097,1
61,2024-01-30,412.2600,413.0500,406.4501,408.5900,33477610,1
62,2024-01-29,406.0600,409.9800,404.3300,409.7200,24510236,1
63,2024-01-26,404.3700,406.1700,402.4300,403.9300,17803271,1
64,2024-01-25,404.3200,407.0100,402.5294,404.8700,21021155,1
65,2024-01-24,401.5400,405.6300,400.4500,402.5600,23281889,1
66,2024-01-23,395.7500,399.3800,393.9300,398.9000,20525882,1
67,2024-01-22,400.0200,400.6200,393.5900,396.5100,27016902,1
68,2024-01-19,395.7600,398.6700,393.5000,398.6700,29331136,1
69,2024-01-18,391.7200,393.9900,390.1200,393.8700,23392068,1
70,2024-01-17,387.9800,390.1100,384.8100,389.4700,22234108,1
71,2024-01-16,393.6600,394.0300,387.6229,390.2700,27202268,1
72,2024-01-12,385.4900,388.6800,384.6500,388.4700,21661153,1
73,2024-01-11,386.0000,390.6800,380.3800,384.6300,27850846,1
74,2024-01-10,376.3700,384.1700,376.3200,382.7700,25514245,1
75,2024-01-09,372.0100,375.9900,371.1900,375.7900,20829953,1
76,2024-01-08,369.3000,375.2000,369.0100,374.6900,23133967,1
77,2024-01-05,368.9700,372.0600,366.5000,367.7500,20074451,1
78,2024-01-04,370.6650,373.1000,367.1700,367.9400,20901502,1
79,2024-01-03,369.0100,373.2562,368.5100,370.6000,23083465,1
80,2024-01-02,373.8600,375.9000,366.7710,370.8700,25258633,1
81,2023-12-29,376.0000,377.1600,373.4800,376.0400,18730838,1
82,2023-12-28,375.3700,376.4580,374.1600,375.2800,14327013,1
83,2023-12-27,373.6900,375.0600,372.8116,374.0700,14872756,1
84,2023-12-26,375.0000,376.9400,373.5000,374.6600,12673050,1
85,2023-12-22,373.6800,375.1800,372.7100,374.5800,17107484,1
86,2023-12-21,372.5600,374.4100,370.0400,373.5400,17708006,1
87,2023-12-20,375.0000,376.0300,370.5300,370.6200,26316650,1
88,2023-12-19,371.4900,373.2600,369.8400,373.2600,20533284,1
89,2023-12-18,369.4500,373.0000,368.6800,372.6500,21802878,1
90,2023-12-15,366.8500,372.4000,366.2800,370.7300,78502324,1
91,2023-12-14,373.3100,373.7600,364.1300,365.9300,43277461,1
92,2023-12-13,376.0200,377.6361,370.7700,374.3700,30955531,1
93,2023-12-12,370.8500,374.4200,370.4600,374.3800,24838253,1
94,2023-12-11,368.4800,371.6000,366.1000,371.3000,27708757,1
95,2023-12-08,369.2000,374.4600,368.2300,374.2300,20154366,1
96,2023-12-07,368.2300,371.4527,366.3200,370.9500,23118864,1
97,2023-12-06,373.5400,374.1800,368.0300,368.8000,21118348,1
98,2023-12-05,366.4500,373.0750,365.6210,372.5200,23065035,1
99,2023-12-04,369.1000,369.5200,362.9000,369.1400,32063305,1
100,2023-12-01,376.7600,378.1600,371.3100,374.5100,33040472,1
101,2024-04-25,169.6800,173.9200,166.3200,173.6700,49249390,2
102,2024-04-24,179.9400,180.3230,176.1800,176.5900,34185109,2
103,2024-04-23,178.0800,179.9300,175.9750,179.5400,37046519,2
104,2024-04-22,176.9400,178.8700,174.5600,177.2300,37924890,2
105,2024-04-19,178.7400,179.0000,173.4400,174.6300,56000729,2
106,2024-04-18,181.4700,182.3900,178.6500,179.2200,30723793,2
107,2024-04-17,184.3100,184.5700,179.8200,181.2800,31359673,2
108,2024-04-16,183.2700,184.8300,182.2600,183.3200,32891265,2
109,2024-04-15,187.4250,188.6900,183.0000,183.6200,48052395,2
110,2024-04-12,187.7200,188.3800,185.0800,186.1300,38608849,2
111,2024-04-11,186.7400,189.7700,185.5100,189.0500,40020742,2
112,2024-04-10,182.7650,186.2699,182.6700,185.9500,35879151,2
113,2024-04-09,187.2400,187.3400,184.2000,185.6700,36337354,2
114,2024-04-08,186.9000,187.2900,184.8100,185.1900,38929087,2
115,2024-04-05,182.3800,186.2700,181.9700,185.0700,42072115,2
116,2024-04-04,184.0000,185.1000,180.0000,180.0000,41197087,2
117,2024-04-03,179.9000,182.8700,179.8000,182.4100,30368799,2
118,2024-04-02,179.0700,180.7900,178.3762,180.6900,31929759,2
119,2024-04-01,180.7900,183.0000,179.9500,180.9700,28374496,2
120,2024-03-28,180.1700,181.7000,179.2600,180.3800,38051588,2
121,2024-03-27,179.8800,180.0000,177.3099,179.8300,33272551,2
122,2024-03-26,180.1500,180.4500,177.9500,178.3000,29658982,2
123,2024-03-25,178.0100,180.9900,177.2400,179.7100,29815464,2
124,2024-03-22,177.7520,179.2550,176.7500,178.8700,27995378,2
125,2024-03-21,179.9880,181.4150,178.1500,178.1500,32824320,2
126,2024-03-20,176.1400,178.5300,174.6400,178.1500,29947150,2
127,2024-03-19,174.2150,176.0900,173.5200,175.9000,26880893,2
128,2024-03-18,175.8000,176.6900,174.2800,174.4800,31250688,2
129,2024-03-15,176.6400,177.9300,173.9000,174.4200,72147390,2
130,2024-03-14,177.6900,179.5300,176.4650,178.7500,43528139,2
131,2024-03-13,175.9000,177.6200,175.5500,176.5550,30596153,2
132,2024-03-12,173.5000,176.7600,171.9800,175.3900,35308322,2
133,2024-03-11,174.3100,174.4700,171.4700,171.9600,28285183,2
134,2024-03-08,176.4400,178.7850,174.3300,175.3500,37893242,2
135,2024-03-07,174.8300,177.9900,173.7200,176.8200,34063283,2
136,2024-03-06,175.5400,176.4600,173.2600,173.5100,32090926,2
137,2024-03-05,176.9300,176.9300,173.3030,174.1200,37228343,2
138,2024-03-04,177.5300,180.1400,177.4900,177.5800,37381520,2
139,2024-03-01,176.7500,178.7250,176.0700,178.2200,31981152,2
140,2024-02-29,173.0100,177.2200,172.8500,176.7600,53805359,2
141,2024-02-28,172.4400,174.0500,172.2700,173.1600,28180482,2
142,2024-02-27,174.0750,174.6200,172.8600,173.5400,31141732,2
143,2024-02-26,175.7000,176.3700,174.2600,174.7300,44368614,2
144,2024-02-23,174.2800,175.7500,173.7000,174.9900,59715243,2
145,2024-02-22,173.1000,174.8000,171.7700,174.5800,55392354,2
146,2024-02-21,168.9400,170.2300,167.1400,168.5900,44575623,2
147,2024-02-20,167.8300,168.7100,165.7400,167.0800,41980326,2
148,2024-02-16,168.7400,170.4200,167.1700,169.5100,48107744,2
149,2024-02-15,170.5800,171.1700,167.5900,169.8000,49855196,2
150,2024-02-14,169.2100,171.2100,168.2800,170.9800,42815544,2
151,2024-02-13,167.7300,170.9500,165.7500,168.6400,56345122,2
152,2024-02-12,174.8000,175.3900,171.5400,172.3400,51050440,2
153,2024-02-09,170.9000,175.0000,170.5803,174.4500,56985986,2
154,2024-02-08,169.6500,171.4300,168.8800,169.8400,42316454,2
155,2024-02-07,169.4800,170.8800,168.9400,170.5300,47174060,2
156,2024-02-06,169.3900,170.7100,167.6500,169.1500,42505518,2
157,2024-02-05,170.2000,170.5500,167.7000,170.3100,55081297,2
158,2024-02-02,169.1900,172.5000,167.3300,171.8100,117218313,2
159,2024-02-01,155.8700,159.7600,155.6200,159.2800,76542419,2
160,2024-01-31,157.0000,159.0100,154.8100,155.2000,50284371,2
161,2024-01-30,160.7000,161.7300,158.4900,159.0000,45207430,2
162,2024-01-29,159.3400,161.2900,158.9000,161.2600,45270385,2
163,2024-01-26,158.4200,160.7200,157.9100,159.1200,51047353,2
164,2024-01-25,156.9500,158.5050,154.5501,157.7500,43638592,2
165,2024-01-24,157.8000,158.5100,156.4800,156.8700,47636725,2
166,2024-01-23,154.8500,156.2100,153.9300,156.0200,37986039,2
167,2024-01-22,156.8900,157.0500,153.9000,154.7800,43687468,2
168,2024-01-19,153.8300,155.7600,152.7400,155.3400,51651628,2
169,2024-01-18,152.7700,153.7750,151.8200,153.5000,37850245,2
170,2024-01-17,151.4900,152.1500,149.9100,151.7100,34953363,2
171,2024-01-16,153.5300,154.9900,152.1500,153.1600,41384636,2
172,2024-01-12,155.3900,156.2000,154.0100,154.6200,40484155,2
173,2024-01-11,155.0400,157.1700,153.1200,155.1800,49072691,2
174,2024-01-10,152.0600,154.4200,151.8810,153.7300,44421830,2
175,2024-01-09,148.3300,151.7100,148.2100,151.3700,43812567,2
176,2024-01-08,146.7400,149.4000,146.1500,149.1000,46757053,2
177,2024-01-05,144.6900,146.5900,144.5300,145.2400,44770343,2
178,2024-01-04,145.5900,147.3800,144.0500,144.5700,56039807,2
179,2024-01-03,149.2000,151.0500,148.3300,148.4700,49425495,2
180,2024-01-02,151.5400,152.3800,148.3900,149.9300,47339424,2
181,2023-12-29,153.1000,153.8900,151.0300,151.9400,39823204,2
182,2023-12-28,153.7200,154.0800,152.9500,153.3800,27057002,2
183,2023-12-27,153.5600,154.7800,153.1200,153.3400,31242664,2
184,2023-12-26,153.5600,153.9750,153.0300,153.4100,25067222,2
185,2023-12-22,153.7700,154.3500,152.7100,153.4200,29514093,2
186,2023-12-21,153.3000,153.9700,152.1000,153.8400,36305733,2
187,2023-12-20,152.9000,155.6300,151.5600,152.1200,50322106,2
188,2023-12-19,154.4000,155.1200,152.6900,153.7900,42891256,2
189,2023-12-18,150.5600,154.8550,150.0500,154.0700,62512828,2
190,2023-12-15,148.3800,150.5700,147.8800,149.9700,110089342,2
191,2023-12-14,149.9300,150.5400,145.5200,147.4200,58400848,2
192,2023-12-13,148.1200,149.4600,146.8200,148.8400,52766196,2
193,2023-12-12,145.5200,147.5000,145.3000,147.4800,44944264,2
194,2023-12-11,145.6600,146.1900,143.6400,145.8900,50907288,2
195,2023-12-08,145.4800,147.8400,145.4000,147.4200,41905965,2
196,2023-12-07,146.1500,147.9200,145.3400,146.8800,52352830,2
197,2023-12-06,147.5800,147.8500,144.2800,144.5200,39481034,2
198,2023-12-05,143.5500,148.5700,143.1300,146.8800,46822411,2
199,2023-12-04,145.2500,145.3500,142.8100,144.8400,48294244,2
200,2023-12-01,146.0000,147.2450,145.5500,147.0300,39951833,2
201,2024-04-25,169.5250,170.6100,168.1511,169.8900,50558329,3
202,2024-04-24,166.5400,169.3000,166.2100,169.0200,48251835,3
203,2024-04-23,165.3500,167.0500,164.9200,166.9000,49537761,3
204,2024-04-22,165.5150,167.2600,164.7700,165.8400,48116443,3
205,2024-04-19,166.2100,166.4000,164.0750,165.0000,68149377,3
206,2024-04-18,168.0300,168.6400,166.5500,167.0400,43122903,3
207,2024-04-17,169.6100,170.6500,168.0000,168.0000,50901210,3
208,2024-04-16,171.7500,173.7600,168.2700,169.3800,73711235,3
209,2024-04-15,175.3600,176.6300,172.5000,172.6900,73531773,3
210,2024-04-12,174.2600,178.3600,174.2100,176.5500,101670886,3
211,2024-04-11,168.3400,175.4600,168.1600,175.0400,91070275,3
212,2024-04-10,168.8000,169.0900,167.1100,167.7800,49709336,3
213,2024-04-09,168.7000,170.0800,168.3500,169.6700,42231444,3
214,2024-04-08,169.0300,169.2000,168.2400,168.4500,37216858,3
215,2024-04-05,169.5900,170.3900,168.9500,169.5800,41975776,3
216,2024-04-04,170.2900,171.9200,168.8200,168.8200,53355055,3
217,2024-04-03,168.7900,170.6800,168.5800,169.6500,45571129,3
218,2024-04-02,169.0800,169.3400,168.2302,168.8400,49013991,3
219,2024-04-01,171.1900,171.2500,169.4750,170.0300,43772506,3
220,2024-03-28,171.7500,172.2300,170.5100,171.4800,65672690,3
221,2024-03-27,170.4100,173.6000,170.1100,173.3100,60273265,3
222,2024-03-26,170.0000,171.4200,169.5800,169.7100,57388449,3
223,2024-03-25,170.5650,171.9400,169.4500,170.8500,54288328,3
224,2024-03-22,171.7600,173.0500,170.0600,172.2800,71160138,3
225,2024-03-21,177.0500,177.4900,170.8400,171.3700,106181270,3
226,2024-03-20,175.7200,178.6700,175.0900,178.6700,53423102,3
227,2024-03-19,174.3400,176.6050,173.0300,176.0800,55215244,3
228,2024-03-18,175.5700,177.7100,173.5200,173.7200,75604184,3
229,2024-03-15,171.1700,172.6200,170.2850,172.6200,121752699,3
230,2024-03-14,172.9100,174.3078,172.0500,173.0000,72571635,3
231,2024-03-13,172.7700,173.1850,170.7600,171.1300,51948951,3
232,2024-03-12,173.1500,174.0300,171.0100,173.2300,59544927,3
233,2024-03-11,172.9400,174.3800,172.0500,172.7500,58929918,3
234,2024-03-08,169.0000,173.7000,168.9400,170.7300,76267041,3
235,2024-03-07,169.1500,170.7300,168.4900,169.0000,71765061,3
236,2024-03-06,171.0600,171.2400,168.6800,169.1200,68587707,3
237,2024-03-05,170.7600,172.0400,169.6200,170.1200,95132355,3
238,2024-03-04,176.1500,176.9000,173.7900,175.1000,81510101,3
239,2024-03-01,179.5500,180.5300,177.3800,179.6600,73563082,3
240,2024-02-29,181.2700,182.5700,179.5300,180.7500,136682597,3
241,2024-02-28,182.5100,183.1200,180.1300,181.4200,48953939,3
242,2024-02-27,181.1000,183.9225,179.5600,182.6300,54318851,3
243,2024-02-26,182.2400,182.7600,180.6500,181.1600,40867421,3
244,2024-02-23,185.0100,185.0400,182.2300,182.5200,45119677,3
245,2024-02-22,183.4800,184.9550,182.4600,184.3700,52292208,3
246,2024-02-21,181.9400,182.8888,180.6600,182.3200,41529674,3
247,2024-02-20,181.7900,182.4300,180.0000,181.5600,53665553,3
248,2024-02-16,183.4200,184.8500,181.6650,182.3100,49752465,3
249,2024-02-15,183.5500,184.4900,181.3500,183.8600,65434496,3
250,2024-02-14,185.3200,185.5300,182.4400,184.1500,54630517,3
251,2024-02-13,185.7700,186.2100,183.5128,185.0400,56529529,3
252,2024-02-12,188.4150,188.6700,186.7900,187.1500,41781934,3
253,2024-02-09,188.6500,189.9900,188.0000,188.8500,45155216,3
254,2024-02-08,189.3850,189.5350,187.3500,188.3200,40962046,3
255,2024-02-07,190.6400,191.0500,188.6100,189.4100,53438955,3
256,2024-02-06,186.8600,189.3100,186.7695,189.3000,43490759,3
257,2024-02-05,188.1500,189.2500,185.8400,187.6800,69668820,3
258,2024-02-02,179.8600,187.3300,179.2500,185.8500,102551680,3
259,2024-02-01,183.9850,186.9500,183.8200,186.8600,64885408,3
260,2024-01-31,187.0400,187.0950,184.3500,184.4000,55467803,3
261,2024-01-30,190.9400,191.8000,187.4700,188.0400,55859370,3
262,2024-01-29,192.0100,192.2000,189.5800,191.7300,47145622,3
263,2024-01-26,194.2700,194.7600,191.9400,192.4200,44594011,3
264,2024-01-25,195.2200,196.2675,193.1125,194.1700,54822126,3
265,2024-01-24,195.4200,196.3800,194.3400,194.5000,53463269,3
266,2024-01-23,195.0200,195.7500,193.8299,195.1800,42355590,3
267,2024-01-22,192.3000,195.3300,192.2600,193.8900,60133852,3
268,2024-01-19,189.3300,191.9500,188.8200,191.5600,68902985,3
269,2024-01-18,186.0900,189.1400,185.8300,188.6300,78005754,3
270,2024-01-17,181.2700,182.9300,180.3000,182.6800,47317433,3
271,2024-01-16,182.1600,184.2600,180.9340,183.6300,65603041,3
272,2024-01-12,186.0600,186.7400,185.1900,185.9200,40477782,3
273,2024-01-11,186.5400,187.0500,183.6200,185.5900,49128408,3
274,2024-01-10,184.3500,186.4000,183.9200,186.1900,46792908,3
275,2024-01-09,183.9200,185.1500,182.7300,185.1400,42841809,3
276,2024-01-08,182.0850,185.6000,181.5000,185.5600,59144470,3
277,2024-01-05,181.9900,182.7600,180.1700,181.1800,62196924,3
278,2024-01-04,182.1500,183.0872,180.8800,181.9100,71983570,3
279,2024-01-03,184.2200,185.8800,183.4300,184.2500,58414460,3
280,2024-01-02,187.1500,188.4400,183.8850,185.6400,82488674,3
281,2023-12-29,193.9000,194.4000,191.7250,192.5300,42672148,3
282,2023-12-28,194.1400,194.6600,193.1700,193.5800,34049898,3
283,2023-12-27,192.4900,193.5000,191.0900,193.1500,47899806,3
284,2023-12-26,193.6100,193.8900,192.8300,193.0500,28919310,3
285,2023-12-22,195.1800,195.4100,192.9700,193.6000,37149570,3
286,2023-12-21,196.1000,197.0800,193.5000,194.6800,46482549,3
287,2023-12-20,196.9000,197.6800,194.8300,194.8300,52242815,3
288,2023-12-19,196.1600,196.9500,195.8900,196.9400,40233138,3
289,2023-12-18,196.0900,196.6300,194.3900,195.8900,55751861,3
290,2023-12-15,197.5300,198.3999,197.0000,197.5700,128538401,3
291,2023-12-14,198.0200,199.6200,196.1600,198.1100,66831572,3
292,2023-12-13,195.0900,198.0000,194.8500,197.9600,70404183,3
293,2023-12-12,193.0800,194.7200,191.7210,194.7100,52696900,3
294,2023-12-11,193.1100,193.4900,191.4200,193.1800,60943699,3
295,2023-12-08,194.2000,195.9900,193.6700,195.7100,53406358,3
296,2023-12-07,193.6300,195.0000,193.5900,194.2700,47477655,3
297,2023-12-06,194.4500,194.7600,192.1100,192.3200,40895115,3
298,2023-12-05,190.2100,194.4000,190.1800,193.4200,66628398,3
299,2023-12-04,189.9800,190.0500,187.4511,189.4300,43389519,3
300,2023-12-01,190.3300,191.5600,189.2300,191.2400,45704823,3
301,2024-04-25,151.3300,156.4900,150.8700,156.0000,57109730,4
302,2024-04-24,157.4900,159.5650,157.1650,159.1300,22779112,4
303,2024-04-23,156.9600,158.9700,156.2800,158.2600,21151568,4
304,2024-04-22,154.3100,157.6400,154.0600,156.2800,26446206,4
305,2024-04-19,156.2000,156.3600,152.3000,154.0900,32615639,4
306,2024-04-18,155.3400,156.9400,154.6200,156.0100,19883044,4
307,2024-04-17,155.6200,157.0800,154.5800,155.4700,21763130,4
308,2024-04-16,154.1900,155.6500,153.4300,154.4000,20779495,4
309,2024-04-15,158.8600,159.2400,154.5900,154.8600,27136472,4
310,2024-04-12,157.9600,160.2225,157.1400,157.7300,25353746,4
311,2024-04-11,156.9100,159.6800,156.4600,159.4100,27166431,4
312,2024-04-10,156.2100,156.6100,154.6800,156.1400,22838629,4
313,2024-04-09,156.0850,158.5600,155.1900,156.6000,30739691,4
314,2024-04-08,152.7800,155.2700,152.6100,154.8500,20577435,4
315,2024-04-05,150.0300,153.4200,149.6000,152.5000,23328522,4
316,2024-04-04,153.5000,154.7700,150.4500,150.5300,34468227,4
317,2024-04-03,153.6000,155.0800,152.7300,154.9200,23884801,4
318,2024-04-02,153.5000,154.7000,152.1500,154.5600,24491676,4
319,2024-04-01,150.6900,155.7400,150.6100,155.4900,31308247,4
320,2024-03-28,150.8500,151.4300,150.1700,150.9300,24485390,4
321,2024-03-27,151.1800,151.6350,148.9000,150.8700,22879178,4
322,2024-03-26,150.2200,152.2560,149.9800,150.6700,22149137,4
323,2024-03-25,149.9400,150.3750,147.8200,150.0700,19229285,4
324,2024-03-22,149.1200,151.5800,148.9800,150.7700,29211769,4
325,2024-03-21,149.4700,150.3700,146.9001,147.6000,24755597,4
326,2024-03-20,148.0000,148.8600,146.7350,148.7400,21311501,4
327,2024-03-19,148.1600,148.7913,146.0800,147.0300,24070435,4
328,2024-03-18,148.6100,152.1500,147.1700,147.6800,69273699,4
329,2024-03-15,142.5000,143.1800,140.0300,141.1800,49475417,4
330,2024-03-14,141.1900,143.5850,140.4550,143.1000,42570686,4
331,2024-03-13,139.0000,141.0900,138.9900,139.7900,23164162,4
332,2024-03-12,137.0300,139.3750,137.0300,138.5000,27353587,4
333,2024-03-11,136.1300,139.1000,136.1300,137.6700,31677211,4
334,2024-03-08,134.2100,138.0850,134.0000,135.4100,39370392,4
335,2024-03-07,132.7950,134.9400,131.6100,134.3800,37738209,4
336,2024-03-06,133.1200,133.5800,130.8500,131.4000,35318610,4
337,2024-03-05,131.8800,133.2400,130.6650,132.6700,40194757,4
338,2024-03-04,135.6600,135.6600,131.9100,133.3500,55999415,4
339,2024-03-01,138.4300,138.8700,136.9200,137.1400,31151116,4
340,2024-02-29,137.2800,138.8600,136.4000,138.4600,42132953,4
341,2024-02-28,137.9000,138.0100,135.4100,136.3800,37328558,4
342,2024-02-27,138.0200,139.2500,137.0900,138.8800,33099190,4
343,2024-02-26,142.1400,142.4400,137.3900,137.5700,53641795,4
344,2024-02-23,143.6700,144.6800,143.4300,143.9600,19493752,4
345,2024-02-22,144.9300,145.0000,142.8000,144.0900,27191892,4
346,2024-02-21,141.4500,142.6900,140.6750,142.5500,23315687,4
347,2024-02-20,139.6550,142.0800,139.4900,141.1200,24935710,4
348,2024-02-16,142.9900,143.1900,140.1400,140.5200,31468926,4
349,2024-02-15,143.1400,143.5200,140.4600,142.7700,37590695,4
350,2024-02-14,146.0800,146.5200,144.0940,145.9400,22704166,4
351,2024-02-13,144.9200,146.6700,143.6900,145.1400,27837730,4
352,2024-02-12,148.4200,149.3350,147.3700,147.5300,21564085,4
353,2024-02-09,146.6800,149.4400,146.1800,149.0000,26829504,4
354,2024-02-08,145.8300,146.3300,145.1050,145.9100,22563764,4
355,2024-02-07,144.7600,145.6150,143.9250,145.5400,25208862,4
356,2024-02-06,144.6500,145.3600,143.1900,144.1000,29128201,4
357,2024-02-05,142.8200,145.4700,142.7800,143.6800,38505405,4
358,2024-02-02,139.2600,142.6200,136.5000,142.3800,62499574,4
359,2024-02-01,142.1200,143.0600,140.7900,141.1600,40466549,4
360,2024-01-31,143.6200,144.0000,139.8700,140.1000,71910044,4
361,2024-01-30,152.8000,153.6200,151.1850,151.4600,36331833,4
362,2024-01-29,152.0600,153.7800,151.4300,153.5100,27784259,4
363,2024-01-26,151.1000,152.5350,151.0100,152.1850,26115494,4
364,2024-01-25,150.0650,153.0500,149.5400,151.8700,29149069,4
365,2024-01-24,148.5400,149.8550,148.1000,148.7000,25155644,4
366,2024-01-23,145.8900,147.1820,145.5000,147.0400,21636129,4
367,2024-01-22,147.1000,148.3900,145.8400,145.9900,32200369,4
368,2024-01-19,144.7400,146.4500,144.3800,146.3800,34271867,4
369,2024-01-18,142.0500,144.2100,141.9900,143.4800,25746417,4
370,2024-01-17,141.3450,141.8400,138.9000,141.4700,20968649,4
371,2024-01-16,142.0000,144.3500,141.4500,142.4900,22670467,4
372,2024-01-12,142.6700,143.1950,141.8200,142.6500,18785514,4
373,2024-01-11,143.4900,145.2200,140.6350,142.0800,24008722,4
374,2024-01-10,141.0000,143.0000,140.9100,142.2800,21320203,4
375,2024-01-09,138.5000,141.4850,138.1500,140.9500,24759598,4
376,2024-01-08,136.2900,139.0100,136.2600,138.8400,21403982,4
377,2024-01-05,136.7450,137.1558,135.1500,135.7300,21661914,4
378,2024-01-04,138.4200,139.1600,136.3500,136.3900,27137735,4
379,2024-01-03,137.2500,139.6300,137.0800,138.9200,24212147,4
380,2024-01-02,138.5500,139.4500,136.4800,138.1700,23711220,4
381,2023-12-29,139.6300,140.3600,138.7800,139.6900,18733017,4
382,2023-12-28,140.7800,141.1400,139.7500,140.2300,16045712,4
383,2023-12-27,141.5900,142.0800,139.8860,140.3700,19567216,4
384,2023-12-26,141.5900,142.6800,141.1900,141.5200,16780333,4
385,2023-12-22,140.7700,141.9900,140.7100,141.4900,26532199,4
386,2023-12-21,139.4900,140.6850,139.1800,140.4200,27488284,4
387,2023-12-20,138.9700,141.6950,138.0650,138.3400,49107179,4
388,2023-12-19,136.8400,137.4700,136.0800,136.6500,25436155,4
389,2023-12-18,132.6300,137.1478,132.4300,135.8000,32257967,4
390,2023-12-15,131.6200,133.5100,131.1800,132.6000,50847113,4
391,2023-12-14,133.3800,133.7200,129.6850,131.9400,38722413,4
392,2023-12-13,133.3800,133.5000,131.5700,132.5700,30104775,4
393,2023-12-12,131.8100,133.0000,131.2600,132.5200,29032831,4
394,2023-12-11,132.3800,133.3350,131.3600,133.2900,31138011,4
395,2023-12-08,134.2000,136.4000,134.0250,134.9900,32260112,4
396,2023-12-07,135.0400,138.5600,134.7000,136.9300,56767100,4
397,2023-12-06,131.4400,131.8400,129.8750,130.0200,22897543,4
398,2023-12-05,128.9500,132.1400,128.2500,130.9900,27384784,4
399,2023-12-04,129.8800,130.0300,127.9000,129.2700,36669876,4
400,2023-12-01,131.8600,132.1100,130.6650,131.8600,31442263,4
401,2024-04-25,168.2000,172.4500,165.6600,168.9100,16702150,5
402,2024-04-24,183.1700,184.2900,181.4000,184.1000,7616643,5
403,2024-04-23,182.7300,184.6800,179.0000,182.1900,5950229,5
404,2024-04-22,182.4500,183.3150,180.4500,181.9000,3076451,5
405,2024-04-19,182.4300,182.8000,180.5700,181.5800,3037990,5
406,2024-04-18,182.3500,183.4600,180.1700,181.4700,2886733,5
407,2024-04-17,184.1600,184.6700,181.7800,183.1000,3003033,5
408,2024-04-16,185.5900,185.7100,182.8600,183.7500,4473654,5
409,2024-04-15,185.5700,187.4800,180.8800,181.2500,3528140,5
410,2024-04-12,184.0000,185.1699,181.6850,182.2700,3547378,5
411,2024-04-11,186.0400,186.7950,184.5800,185.9000,2861736,5
412,2024-04-10,187.4200,187.9150,185.5200,186.0400,3081915,5
413,2024-04-09,190.5400,191.2500,186.6600,189.3100,2790673,5
414,2024-04-08,189.2400,190.2400,188.9118,189.8200,2673611,5
415,2024-04-05,188.5900,190.3200,188.0200,189.1400,2012428,5
416,2024-04-04,192.0000,193.2800,187.3400,187.9400,2924438,5
417,2024-04-03,188.6000,191.3500,188.4850,190.9000,2818910,5
418,2024-04-02,189.1400,189.8000,187.6000,188.8800,2689711,5
419,2024-04-01,190.0000,190.4600,188.5200,189.8300,2362586,5
420,2024-03-28,190.9400,191.9299,190.3400,190.9600,3742169,5
421,2024-03-27,189.6000,190.9600,188.6000,190.8000,3693305,5
422,2024-03-26,189.0200,190.0000,188.5000,188.5000,4229535,5
423,2024-03-25,190.2600,190.8200,188.7500,188.7900,3718289,5
424,2024-03-22,192.0000,192.9850,190.5100,190.8400,3988398,5
425,2024-03-21,193.0000,193.3700,190.0100,191.9000,6013561,5
426,2024-03-20,192.8700,193.9800,191.3100,193.9600,3238643,5
427,2024-03-19,191.4900,193.5800,190.2800,193.3400,5317341,5
428,2024-03-18,191.7000,193.2300,190.3200,191.6900,5410562,5
429,2024-03-15,191.9900,193.0573,190.7000,191.0700,8828184,5
430,2024-03-14,196.9500,197.7480,192.1200,193.4300,4102202,5
431,2024-03-13,197.5500,198.1000,195.3200,196.7000,3960737,5
432,2024-03-12,192.4600,199.1800,192.1500,197.7800,5862512,5
433,2024-03-11,195.0900,195.3800,190.8800,191.7300,4712688,5
434,2024-03-08,196.0600,197.7700,194.3800,195.9500,3943113,5
435,2024-03-07,197.5800,198.7300,196.1400,196.5400,4604458,5
436,2024-03-06,193.5000,198.1300,192.9600,196.1600,6945818,5
437,2024-03-05,192.0000,193.9400,190.5700,191.9500,5653641,5
438,2024-03-04,187.7600,193.8980,187.6000,193.0600,7938266,5
439,2024-03-01,185.4900,188.3800,185.1800,188.2000,4018354,5
440,2024-02-29,186.1500,186.8495,184.6900,185.0300,6458487,5
441,2024-02-28,184.6300,185.3700,183.5500,185.3000,3216345,5
442,2024-02-27,184.1600,185.1300,182.6200,184.8700,3641378,5
443,2024-02-26,185.6000,186.1250,184.0600,184.1300,4620815,5
444,2024-02-23,184.9000,186.4550,184.5700,185.7200,3433800,5
445,2024-02-22,182.4500,184.5500,181.9300,184.2100,5078398,5
446,2024-02-21,182.5600,183.0300,178.7500,179.7000,4728473,5
447,2024-02-20,187.6400,188.7700,183.0600,183.4400,4247181,5
448,2024-02-16,186.6300,188.9500,185.9452,187.6400,4842840,5
449,2024-02-15,183.6200,186.9800,183.6200,186.8700,4714301,5
450,2024-02-14,185.0000,185.0000,182.2600,183.5700,3173391,5
451,2024-02-13,184.2800,184.7700,182.3600,183.7000,4290453,5
452,2024-02-12,185.9000,186.4800,184.0300,186.1600,4724021,5
453,2024-02-09,184.4400,187.1800,183.8500,186.3400,5064641,5
454,2024-02-08,182.6300,184.5500,181.4900,184.3600,5161185,5
455,2024-02-07,183.3400,184.0200,182.6250,183.7400,4841188,5
456,2024-02-06,183.5500,184.6800,183.0400,183.4100,3338196,5
457,2024-02-05,185.5100,185.7800,183.2550,183.4200,4379602,5
458,2024-02-02,187.1000,187.3900,185.6150,185.7900,4055411,5
459,2024-02-01,183.6300,187.5100,182.7100,186.9000,4669444,5
460,2024-01-31,187.0500,187.6500,183.1400,183.6600,8876055,5
461,2024-01-30,187.7100,188.6500,186.7700,187.8700,4575058,5
462,2024-01-29,187.4600,189.4600,186.0500,187.1400,6107908,5
463,2024-01-26,191.3100,192.3896,186.1600,187.4200,9895941,5
464,2024-01-25,184.9600,196.9000,184.8300,190.4300,29596239,5
465,2024-01-24,174.7600,174.8600,172.9000,173.9300,7831157,5
466,2024-01-23,172.9000,174.0200,172.4800,173.9400,3983461,5
467,2024-01-22,172.8200,174.4500,172.4000,172.8300,4925964,5
468,2024-01-19,170.5900,171.5791,169.1800,171.4800,6929079,5
469,2024-01-18,166.4900,166.9900,165.0400,166.8400,3776990,5
470,2024-01-17,166.7900,167.8200,165.4950,166.0800,4288604,5
471,2024-01-16,165.8000,167.2500,165.3400,166.9600,4869635,5
472,2024-01-12,162.9700,165.9800,162.3550,165.8000,4958261,5
473,2024-01-11,161.0200,162.2300,160.2900,162.1600,3778395,5
474,2024-01-10,160.2800,161.3400,159.7400,161.2300,2967852,5
475,2024-01-09,160.0000,160.4837,159.5100,160.0800,2617186,5
476,2024-01-08,158.6900,161.2160,157.8850,161.1400,3321698,5
477,2024-01-05,159.9100,160.5500,158.6700,159.1600,3698961,5
478,2024-01-04,160.2200,161.8100,160.1700,160.8600,3212004,5
479,2024-01-03,161.0000,161.7300,160.0800,160.1000,4086065,5
480,2024-01-02,162.8300,163.2900,160.4600,161.5000,3825044,5
481,2023-12-29,163.7500,164.1800,162.8300,163.5500,2526169,5
482,2023-12-28,163.9600,163.9600,163.4000,163.7500,2071313,5
483,2023-12-27,163.1400,163.6400,162.6800,163.4600,3006612,5
484,2023-12-26,162.2300,163.3100,162.0500,163.2100,1772443,5
485,2023-12-22,161.1000,162.4100,161.0000,162.1400,2442715,5
486,2023-12-21,160.5900,161.0800,159.5300,160.7800,2982924,5
487,2023-12-20,161.2900,161.8000,160.0100,160.0500,4865797,5
488,2023-12-19,161.8000,162.2800,161.3200,161.5600,3717429,5
489,2023-12-18,162.2300,163.3300,161.5766,162.7400,3677533,5
490,2023-12-15,162.3000,164.0900,162.0400,162.2300,11016108,5
491,2023-12-14,162.9300,163.4990,160.1490,162.9100,6129804,5
492,2023-12-13,164.3700,164.9653,162.7350,163.6200,4989141,5
493,2023-12-12,163.2700,166.3400,162.9200,164.7100,5292290,5
494,2023-12-11,162.6800,163.6500,161.9500,163.5100,6077207,5
495,2023-12-08,160.0000,162.0400,160.0000,161.9600,4561342,5
496,2023-12-07,161.0000,161.4650,159.9700,160.2200,3665498,5
497,2023-12-06,161.5900,162.3550,160.0100,160.2800,3356432,5
498,2023-12-05,160.7600,162.4700,160.7200,161.3900,4556668,5
499,2023-12-04,160.2900,162.7900,160.2900,161.1000,5779017,5
500,2023-12-01,158.4100,160.5900,158.0000,160.5500,4871860,5
501,2024-04-26,2330.7300,2336.3400,2326.3600,2334.6600,0,6
502,2024-04-25,2316.3100,2344.9000,2305.2500,2330.7100,0,6
503,2024-04-24,2323.4000,2337.3200,2311.8600,2316.3000,0,6
504,2024-04-23,2333.8200,2334.4800,2291.5900,2323.3800,0,6
505,2024-04-22,2386.5600,2386.5900,2324.8900,2333.8700,0,6
506,2024-04-21,2384.2700,2388.6000,2381.9800,2386.5400,0,6
507,2024-04-19,2379.9300,2417.8900,2372.9200,2391.3600,0,6
508,2024-04-18,2367.9100,2392.8400,2364.1600,2379.9400,0,6
509,2024-04-17,2382.8000,2395.6400,2354.7400,2367.9000,0,6
510,2024-04-16,2382.0300,2398.3200,2363.0900,2382.7400,0,6
511,2024-04-15,2364.7800,2392.2500,2324.4300,2382.0600,0,6
512,2024-04-14,2360.3800,2372.9800,2347.2100,2364.7900,0,6
513,2024-04-12,2376.9600,2431.5700,2333.9500,2344.3100,0,6
514,2024-04-11,2335.6400,2379.5100,2325.9100,2376.9500,0,6
515,2024-04-10,2354.9800,2360.1000,2319.4100,2335.6200,0,6
516,2024-04-09,2338.8700,2365.3700,2337.8800,2355.0300,0,6
517,2024-04-08,2311.3800,2354.0400,2303.0200,2338.8600,0,6
518,2024-04-07,2327.7700,2328.4400,2304.2100,2311.3200,0,6
519,2024-04-05,2288.8300,2330.5300,2267.8700,2329.5900,0,6
520,2024-04-04,2297.6000,2305.6500,2280.0300,2288.8200,0,6
521,2024-04-03,2279.9300,2302.7400,2265.5500,2297.5700,0,6
522,2024-04-02,2249.0900,2288.4200,2246.7800,2280.0100,0,6
523,2024-04-01,2246.1700,2265.7600,2228.6000,2249.1100,0,6
524,2024-03-31,2239.7300,2247.4300,2235.7700,2246.0800,0,6
525,2024-03-28,2190.8000,2236.3600,2187.4400,2233.0400,0,6
526,2024-03-27,2179.5900,2197.6300,2173.3400,2190.7900,0,6
527,2024-03-26,2173.0000,2200.1300,2167.6900,2179.5800,0,6
528,2024-03-25,2168.4400,2181.3800,2163.6700,2173.0100,0,6
529,2024-03-24,2166.3400,2168.9900,2165.2300,2168.4300,0,6
530,2024-03-22,2181.8100,2186.1300,2157.1800,2165.3600,0,6
531,2024-03-21,2204.0800,2212.5600,2166.4900,2181.8200,0,6
532,2024-03-20,2157.1700,2223.0100,2149.6800,2204.0600,0,6
533,2024-03-19,2162.2000,2162.9000,2147.2300,2157.1500,0,6
534,2024-03-18,2156.6100,2163.6700,2146.1700,2162.2100,0,6
535,2024-03-17,2153.6500,2156.9800,2153.1700,2156.6200,0,6
536,2024-03-15,2161.7300,2172.8000,2155.2500,2156.1900,0,6
537,2024-03-14,2175.5700,2177.0700,2152.8200,2161.7200,0,6
538,2024-03-13,2156.9900,2179.9100,2156.6500,2175.5900,0,6
539,2024-03-12,2183.7000,2184.5800,2150.6300,2156.9800,0,6
540,2024-03-11,2181.7300,2189.1000,2174.8700,2183.6900,0,6
541,2024-03-10,2179.9200,2183.8900,2177.2400,2181.7100,0,6
542,2024-03-08,2162.0000,2195.1600,2154.1000,2179.0600,0,6
543,2024-03-07,2147.4300,2164.8100,2144.3700,2161.9900,0,6
544,2024-03-06,2128.1200,2152.2800,2123.7500,2147.3800,0,6
545,2024-03-05,2114.6500,2141.9000,2110.5300,2128.1300,0,6
546,2024-03-04,2083.6000,2119.9400,2079.5600,2114.6600,0,6
547,2024-03-03,2082.7800,2086.2500,2082.6000,2083.5900,0,6
548,2024-03-01,2044.3100,2088.3800,2039.1300,2083.1000,0,6
549,2024-02-29,2034.7900,2050.7300,2028.1700,2044.3200,0,6
550,2024-02-28,2030.1900,2037.9400,2024.5700,2034.7500,0,6
551,2024-02-27,2031.3000,2039.5100,2028.8200,2030.2000,0,6
552,2024-02-26,2034.1400,2037.1100,2025.1300,2031.3100,0,6
553,2024-02-25,2033.1900,2035.0600,2033.1900,2034.1200,0,6
554,2024-02-23,2024.9100,2041.3900,2016.1200,2035.6000,0,6
555,2024-02-22,2025.8400,2034.9400,2019.7100,2024.8600,0,6
556,2024-02-21,2024.2600,2032.2800,2020.1400,2025.8500,0,6
557,2024-02-20,2016.2300,2030.9100,2015.0800,2024.2400,0,6
558,2024-02-19,2013.9500,2023.0100,2013.3300,2016.2400,0,6
559,2024-02-18,2011.7900,2016.3100,2010.5000,2013.9900,0,6
560,2024-02-16,2003.5600,2015.2000,1995.1800,2013.3500,0,6
561,2024-02-15,1993.8400,2008.3300,1990.2900,2003.5100,0,6
562,2024-02-14,1991.5500,1996.1800,1984.3200,1993.8300,0,6
563,2024-02-13,2018.9300,2029.9300,1990.2100,1991.5600,0,6
564,2024-02-12,2025.5100,2027.6200,2011.9700,2018.9400,0,6
565,2024-02-11,2026.7900,2026.8200,2024.5100,2025.5200,0,6
566,2024-02-09,2034.3300,2037.2300,2020.3600,2024.3500,0,6
567,2024-02-08,2036.5700,2038.7300,2020.2700,2034.3500,0,6
568,2024-02-07,2035.3000,2044.6100,2030.6600,2036.6000,0,6
569,2024-02-06,2025.1200,2038.9200,2022.9600,2035.3100,0,6
570,2024-02-05,2039.3300,2039.9000,2014.9500,2025.1500,0,6
571,2024-02-04,2041.6600,2042.3000,2039.2000,2039.3400,0,6
572,2024-02-02,2054.9000,2057.6700,2027.9200,2039.6700,0,6
573,2024-02-01,2040.0100,2065.4700,2030.1000,2054.8900,0,6
574,2024-01-31,2036.5500,2056.0400,2031.0100,2039.9900,0,6
575,2024-01-30,2031.1700,2048.6600,2029.1400,2036.5300,0,6
576,2024-01-29,2021.9300,2037.5900,2019.3600,2031.1600,0,6
577,2024-01-28,2023.7900,2028.6100,2021.3200,2021.9200,0,6
578,2024-01-26,2020.7800,2026.9400,2016.0100,2018.5100,0,6
579,2024-01-25,2016.4300,2025.2700,2009.7300,2020.7500,0,6
580,2024-01-24,2029.4100,2036.7600,2011.2800,2016.4100,0,6
581,2024-01-23,2020.8100,2037.9200,2019.6500,2029.4200,0,6
582,2024-01-22,2027.6500,2032.1900,2016.6800,2020.8000,0,6
583,2024-01-21,2028.7600,2028.7600,2027.0100,2027.6700,0,6
584,2024-01-19,2023.8900,2039.3800,2020.4600,2029.6000,0,6
585,2024-01-18,2009.6900,2024.5000,2005.8800,2023.9000,0,6
586,2024-01-17,2028.2200,2033.0200,2001.8900,2009.6300,0,6
587,2024-01-16,2054.0800,2054.5900,2024.3100,2028.2100,0,6
588,2024-01-15,2047.7900,2058.6800,2045.9100,2054.0600,0,6
589,2024-01-14,2047.9700,2048.7400,2046.4000,2047.6900,0,6
590,2024-01-12,2035.3600,2062.2800,2030.1400,2048.9900,0,6
591,2024-01-11,2026.8800,2042.2300,2013.3900,2035.4100,0,6
592,2024-01-10,2030.8700,2040.3100,2020.5000,2026.8200,0,6
593,2024-01-09,2030.7800,2042.0100,2026.1200,2030.8900,0,6
594,2024-01-08,2044.3700,2046.6700,2016.8600,2030.7700,0,6
595,2024-01-07,2044.6700,2045.6900,2043.0200,2044.3500,0,6
596,2024-01-05,2044.3500,2064.0200,2024.5900,2045.5300,0,6
597,2024-01-04,2043.0500,2051.0200,2036.2900,2044.3400,0,6
598,2024-01-03,2059.6600,2066.0300,2030.7000,2043.0700,0,6
599,2024-01-02,2063.8100,2078.9400,2056.0500,2059.6400,0,6
600,2024-01-01,2065.3200,2066.6100,2063.2600,2063.7800,0,6
601,2024-04-26,27.3565,27.4905,27.2680,27.4830,0,7
602,2024-04-25,27.1980,27.5765,26.9835,27.3555,0,7
603,2024-04-24,27.2810,27.4885,27.0375,27.1985,0,7
604,2024-04-23,27.3115,27.3840,26.6685,27.2805,0,7
605,2024-04-22,28.5725,28.5795,27.1145,27.3135,0,7
606,2024-04-21,28.5715,28.6575,28.5065,28.5720,0,7
607,2024-04-19,28.2395,28.9445,28.0690,28.6705,0,7
608,2024-04-18,28.2290,28.6600,28.1385,28.2375,0,7
609,2024-04-17,28.1835,28.8055,28.0715,28.2285,0,7
610,2024-04-16,28.8935,29.0205,27.9535,28.1825,0,7
611,2024-04-15,28.2455,28.9850,27.9910,28.8925,0,7
612,2024-04-14,28.1760,28.3595,27.5860,28.2445,0,7
613,2024-04-12,28.4795,29.7985,27.8540,27.8825,0,7
614,2024-04-11,27.9040,28.5250,27.7525,28.4785,0,7
615,2024-04-10,28.1725,28.5240,27.5355,27.9050,0,7
616,2024-04-09,27.8775,28.3275,27.6225,28.1755,0,7
617,2024-04-08,27.1775,28.0925,26.8635,27.8785,0,7
618,2024-04-07,27.5395,27.5395,27.0935,27.1760,0,7
619,2024-04-05,26.8230,27.4965,26.2845,27.4895,0,7
620,2024-04-04,27.1040,27.3375,26.6795,26.8225,0,7
621,2024-04-03,26.1540,27.2955,26.1145,27.1010,0,7
622,2024-04-02,25.0915,26.2370,25.0815,26.1535,0,7
623,2024-04-01,25.1710,25.3880,24.7455,25.0925,0,7
624,2024-03-31,25.0440,25.1965,24.9950,25.1705,0,7
625,2024-03-29,24.9575,24.9575,24.9575,24.9575,0,7
626,2024-03-28,24.5615,25.0150,24.3940,24.9575,0,7
627,2024-03-27,24.4470,24.6625,24.3285,24.5605,0,7
628,2024-03-26,24.6665,24.8935,24.3705,24.4475,0,7
629,2024-03-25,24.7030,24.8925,24.5575,24.6670,0,7
630,2024-03-24,24.6980,24.7175,24.6355,24.7010,0,7
631,2024-03-22,24.7605,24.9495,24.4055,24.6890,0,7
632,2024-03-21,25.7095,25.7795,24.6435,24.7615,0,7
633,2024-03-20,24.8800,25.7540,24.7475,25.7090,0,7
634,2024-03-19,25.0765,25.1555,24.7315,24.8805,0,7
635,2024-03-18,25.1305,25.3305,24.9475,25.0755,0,7
636,2024-03-17,25.1085,25.1395,25.0885,25.1315,0,7
637,2024-03-15,24.8465,25.4455,24.8195,25.1905,0,7
638,2024-03-14,25.0510,25.1600,24.7405,24.8460,0,7
639,2024-03-13,24.1425,25.0525,24.0745,25.0505,0,7
640,2024-03-12,24.4975,24.6850,24.0095,24.1430,0,7
641,2024-03-11,24.3955,24.5250,24.2395,24.4980,0,7
642,2024-03-10,24.4025,24.4555,24.3180,24.3960,0,7
643,2024-03-08,24.3955,24.6325,24.1765,24.3185,0,7
644,2024-03-07,24.1755,24.5055,24.0105,24.3945,0,7
645,2024-03-06,23.7170,24.3055,23.5730,24.1745,0,7
646,2024-03-05,23.9500,24.2290,23.6275,23.7165,0,7
647,2024-03-04,23.1105,23.9580,23.0225,23.9505,0,7
648,2024-03-03,23.1335,23.1815,23.1065,23.1115,0,7
649,2024-03-01,22.6675,23.2680,22.5090,23.1245,0,7
650,2024-02-29,22.4580,22.7905,22.3145,22.6670,0,7
651,2024-02-28,22.4415,22.5205,22.2785,22.4575,0,7
652,2024-02-27,22.5105,22.7155,22.4275,22.4435,0,7
653,2024-02-26,22.8630,22.8885,22.4480,22.5105,0,7
654,2024-02-25,22.8625,22.8945,22.8585,22.8625,0,7
655,2024-02-23,22.7565,23.0005,22.5635,22.9485,0,7
656,2024-02-22,22.9090,23.1635,22.7365,22.7555,0,7
657,2024-02-21,23.0085,23.1845,22.7575,22.9080,0,7
658,2024-02-20,22.9565,23.1945,22.9195,23.0075,0,7
659,2024-02-19,23.3965,23.4630,22.9385,22.9560,0,7
660,2024-02-18,23.3640,23.4260,23.3640,23.3975,0,7
661,2024-02-17,23.4220,23.4220,23.4220,23.4220,0,7
662,2024-02-16,22.9600,23.5025,22.7925,23.4220,0,7
663,2024-02-15,22.3750,23.0360,22.3515,22.9595,0,7
664,2024-02-14,22.0800,22.4605,21.9355,22.3745,0,7
665,2024-02-13,22.6875,22.9405,21.9905,22.0795,0,7
666,2024-02-12,22.6615,23.0765,22.5190,22.6880,0,7
667,2024-02-11,22.6380,22.6665,22.6165,22.6620,0,7
668,2024-02-09,22.5860,22.7250,22.3625,22.6025,0,7
669,2024-02-08,22.1880,22.6380,22.1445,22.5865,0,7
670,2024-02-07,22.4090,22.4495,22.1795,22.1875,0,7
671,2024-02-06,22.3095,22.4900,22.2625,22.4085,0,7
672,2024-02-05,22.6990,22.7200,22.2460,22.3085,0,7
673,2024-02-04,22.6930,22.7125,22.6600,22.6995,0,7
674,2024-02-02,23.1550,23.2515,22.4075,22.6935,0,7
675,2024-02-01,22.9095,23.2560,22.5125,23.1555,0,7
676,2024-01-31,23.1605,23.3275,22.7815,22.9090,0,7
677,2024-01-30,23.1975,23.3065,22.9405,23.1595,0,7
678,2024-01-29,22.9025,23.2225,22.7715,23.1965,0,7
679,2024-01-28,22.9385,22.9845,22.8925,22.9015,0,7
680,2024-01-26,22.9145,22.9830,22.7035,22.8000,0,7
681,2024-01-25,22.6755,23.0260,22.6515,22.9140,0,7
682,2024-01-24,22.4640,22.9635,22.3420,22.6750,0,7
683,2024-01-23,22.0785,22.4670,22.0575,22.4645,0,7
684,2024-01-22,22.5240,22.6625,21.9285,22.0765,0,7
685,2024-01-21,22.5970,22.5970,22.5145,22.5225,0,7
686,2024-01-19,22.7670,22.8455,22.4660,22.6145,0,7
687,2024-01-18,22.5970,22.7715,22.4265,22.7660,0,7
688,2024-01-17,22.9085,22.9495,22.5125,22.5975,0,7
689,2024-01-16,23.1670,23.2175,22.8605,22.9095,0,7
690,2024-01-15,23.1585,23.3355,23.1100,23.1685,0,7
691,2024-01-14,23.1725,23.1805,23.1525,23.1575,0,7
692,2024-01-12,22.8890,23.5335,22.7850,23.1890,0,7
693,2024-01-11,22.9140,23.2120,22.4770,22.8895,0,7
694,2024-01-10,22.9860,23.1085,22.7755,22.9135,0,7
695,2024-01-09,23.1230,23.3770,22.8980,22.9865,0,7
696,2024-01-08,23.1160,23.2125,22.8400,23.1225,0,7
697,2024-01-07,23.1335,23.1490,23.1035,23.1165,0,7
698,2024-01-05,23.0400,23.5185,22.7775,23.1950,0,7
699,2024-01-04,23.0215,23.0765,22.6905,23.0395,0,7
700,2024-01-03,23.6395,23.7315,22.8395,23.0210,0,7
701,2024-04-25,89.0000,89.5000,88.8400,89.2900,6363591,8
702,2024-04-24,88.2300,89.1800,87.3700,88.8700,4066501,8
703,2024-04-23,89.1700,89.3000,88.3900,88.5800,4014765,8
704,2024-04-22,87.4000,88.7300,87.2400,88.3300,3954121,8
705,2024-04-19,86.1000,87.2600,85.9100,87.1300,6005071,8
706,2024-04-18,87.0000,87.3100,86.3950,86.7100,4880777,8
707,2024-04-17,86.5000,86.8300,85.9150,86.7500,3886157,8
708,2024-04-16,86.5600,86.7300,86.1200,86.1700,3220548,8
709,2024-04-15,86.4700,86.8900,86.1000,86.1700,4716237,8
710,2024-04-12,85.7300,86.2450,85.6750,85.8500,5907597,8
711,2024-04-11,86.9800,86.9800,85.9300,86.0000,3908377,8
712,2024-04-10,87.3300,87.5800,86.3700,86.5600,4750320,8
713,2024-04-09,88.2700,88.3250,87.2100,87.6500,3172648,8
714,2024-04-08,87.6700,88.0000,87.5150,87.7200,3070778,8
715,2024-04-05,87.7300,88.1200,87.1500,87.8800,3463555,8
716,2024-04-04,88.5200,88.6300,87.2800,87.4000,3120831,8
717,2024-04-03,89.0000,89.1050,87.8000,88.1000,4403720,8
718,2024-04-02,88.7700,89.2500,88.6650,89.0600,2969005,8
719,2024-04-01,89.8200,89.8200,88.7650,89.0600,2586058,8
720,2024-03-28,90.2000,90.3700,89.9000,90.0500,3459748,8
721,2024-03-27,89.6000,90.2700,89.3250,89.9500,4078632,8
722,2024-03-26,88.7300,89.1700,88.5900,88.9000,3287687,8
723,2024-03-25,89.2400,89.4180,88.3200,88.6400,3178539,8
724,2024-03-22,88.9800,89.3100,88.8300,89.2000,3563013,8
725,2024-03-21,88.3500,89.1100,87.9200,88.7700,3416197,8
726,2024-03-20,88.3800,88.8200,88.2400,88.3500,3366718,8
727,2024-03-19,88.5000,88.7800,88.1000,88.7700,3265145,8
728,2024-03-18,88.2500,88.9800,88.0900,88.2700,3430794,8
729,2024-03-15,87.4600,88.7800,87.4600,88.4500,6630997,8
730,2024-03-14,88.8600,89.0500,88.0900,88.3500,4452686,8
731,2024-03-13,88.9200,89.3600,88.5300,89.2000,3172925,8
732,2024-03-12,88.1500,89.1900,88.0100,88.7600,4251594,8
733,2024-03-11,88.0300,88.6200,87.4100,88.1300,3399207,8
734,2024-03-08,87.8700,88.5000,87.5350,88.0700,2929407,8
735,2024-03-07,87.4100,88.1600,87.0300,88.1400,3215866,8
736,2024-03-06,86.7500,87.3600,86.5900,87.1800,3522715,8
737,2024-03-05,87.2000,87.2700,86.2100,86.7300,3719457,8
738,2024-03-04,86.1300,87.2500,85.9500,86.8300,3968294,8
739,2024-03-01,86.3700,86.5600,85.7500,86.4900,2402037,8
740,2024-02-29,86.8800,86.9675,85.9200,86.5200,7900494,8
741,2024-02-28,86.4500,86.8600,86.0800,86.8100,2936857,8
742,2024-02-27,85.8100,86.5100,85.6700,86.4100,2638833,8
743,2024-02-26,86.3500,86.6750,86.1000,86.1500,2831724,8
744,2024-02-23,86.0000,86.8250,85.6400,86.2500,3161486,8
745,2024-02-22,84.9100,86.0000,84.4500,86.0000,4114726,8
746,2024-02-21,84.9900,85.6000,84.9200,85.3100,3369005,8
747,2024-02-20,83.9500,85.1250,83.7000,84.6100,5404575,8
748,2024-02-16,83.7400,84.2400,83.2900,83.4800,4805567,8
749,2024-02-15,84.4500,84.7200,83.2000,83.5700,5268930,8
750,2024-02-14,83.2600,83.8100,82.8300,83.7100,6611170,8
751,2024-02-13,83.8000,84.2500,82.7650,83.4700,4469872,8
752,2024-02-12,83.3100,83.7700,82.6800,83.5600,4746483,8
753,2024-02-09,84.2600,84.2700,83.1700,83.4600,4533022,8
754,2024-02-08,83.7900,84.3000,83.4900,84.2600,4819137,8
755,2024-02-07,84.0900,84.2900,83.5950,83.8600,5530393,8
756,2024-02-06,84.0600,84.2200,83.3800,83.7400,6564471,8
757,2024-02-05,84.4100,85.1100,83.7400,84.0900,6627427,8
758,2024-02-02,85.1000,86.0800,84.1000,84.6200,6440960,8
759,2024-02-01,84.0100,86.1400,83.7200,86.1200,6904787,8
760,2024-01-31,84.3900,84.9500,83.9100,84.2000,6330605,8
761,2024-01-30,84.0000,84.5900,83.5100,84.2300,5659983,8
762,2024-01-29,83.3000,84.0000,83.1000,83.9600,6425954,8
763,2024-01-26,81.5200,83.6201,81.0800,82.8300,8668830,8
764,2024-01-25,80.2400,81.4350,80.0300,81.2200,7526379,8
765,2024-01-24,80.8700,81.0200,80.0500,80.0800,5738882,8
766,2024-01-23,81.1100,81.8200,80.8100,81.4100,7078358,8
767,2024-01-22,80.3300,80.5450,79.6900,80.4200,6237725,8
768,2024-01-19,80.2300,80.5900,80.0400,80.3800,5147632,8
769,2024-01-18,80.4300,80.8700,80.0500,80.8300,4027116,8
770,2024-01-17,80.1000,81.1950,79.7800,80.9600,5357766,8
771,2024-01-16,81.0000,81.1400,80.0050,80.4300,4251966,8
772,2024-01-12,81.0900,81.2450,80.6450,80.9100,5562256,8
773,2024-01-11,80.5200,80.6400,79.9100,80.5600,5186487,8
774,2024-01-10,80.8700,81.2000,80.2100,80.5500,4490978,8
775,2024-01-09,80.3000,80.8600,79.9800,80.8200,3714529,8
776,2024-01-08,80.1200,80.4400,79.7650,80.4000,3703284,8
777,2024-01-05,80.4300,80.5200,79.5200,79.9800,2810336,8
778,2024-01-04,79.8900,80.5900,79.7600,80.3400,4441914,8
779,2024-01-03,80.9600,81.3000,79.8200,79.8900,4959619,8
780,2024-01-02,79.6300,80.7300,79.3900,80.7200,6099623,8
781,2023-12-29,79.1200,79.7800,79.1000,79.7100,2463331,8
782,2023-12-28,79.4400,79.4900,78.9150,79.2400,2317090,8
783,2023-12-27,78.6900,79.2400,78.5300,79.1000,3265521,8
784,2023-12-26,78.4700,79.3500,78.2950,79.0400,3572689,8
785,2023-12-22,78.1400,78.7150,77.9800,78.5000,4042531,8
786,2023-12-21,77.6400,77.9700,76.9600,77.9100,5266979,8
787,2023-12-20,77.7400,78.3300,77.3400,77.3500,5326849,8
788,2023-12-19,78.0100,78.5600,77.8300,78.1300,3370651,8
789,2023-12-18,77.5300,78.3000,77.3600,78.0600,4212387,8
790,2023-12-15,75.8600,77.0100,75.5000,76.9800,10225593,8
791,2023-12-14,78.2900,78.7800,76.2000,76.2700,8434099,8
792,2023-12-13,78.4200,79.4350,78.0400,79.3900,4000106,8
793,2023-12-12,77.8200,78.6000,77.5250,78.5900,3798538,8
794,2023-12-11,77.3500,77.8750,77.2600,77.6400,3958261,8
795,2023-12-08,77.5600,77.5600,76.6850,77.1700,4317839,8
796,2023-12-07,77.6200,77.9800,77.1700,77.6200,3107413,8
797,2023-12-06,77.6500,77.8500,77.1300,77.4700,3593168,8
798,2023-12-05,79.0000,79.0334,77.5350,77.6800,4075267,8
799,2023-12-04,78.5000,79.1850,78.5000,78.9800,4154418,8
800,2023-12-01,78.8600,78.9900,78.3450,78.7000,3488447,8
801,2024-04-25,2.8300,2.9250,2.8100,2.9000,1136840,10
802,2024-04-24,2.9000,2.9450,2.8350,2.8500,1243392,10
803,2024-04-23,2.7600,2.9850,2.7500,2.9300,1750254,10
804,2024-04-22,2.9800,3.0200,2.7800,2.8100,2553415,10
805,2024-04-19,3.0600,3.1000,3.0200,3.1000,2006595,10
806,2024-04-18,3.1600,3.1770,3.0600,3.0700,1480447,10
807,2024-04-17,3.1400,3.1950,3.0800,3.1300,1494828,10
808,2024-04-16,3.1100,3.1800,3.0800,3.1200,2050932,10
809,2024-04-15,3.1800,3.1950,3.1000,3.1400,1791067,10
810,2024-04-12,3.2600,3.3700,3.1100,3.1500,3878929,10
811,2024-04-11,3.2000,3.2300,3.1350,3.1800,1812087,10
812,2024-04-10,3.1900,3.2350,3.1200,3.1400,2264827,10
813,2024-04-09,3.2400,3.3050,3.1500,3.2800,2329306,10
814,2024-04-08,3.2400,3.3400,3.1550,3.2000,1894570,10
815,2024-04-05,3.0500,3.2000,3.0250,3.1900,1901480,10
816,2024-04-04,3.1900,3.2100,2.8750,3.0400,5041885,10
817,2024-04-03,3.2400,3.3400,3.1600,3.3100,2567314,10
818,2024-04-02,3.2500,3.3000,3.1250,3.2200,2464004,10
819,2024-04-01,3.1400,3.2000,3.0200,3.1600,2905072,10
820,2024-03-28,2.8000,3.0000,2.7999,3.0000,2736216,10
821,2024-03-27,2.7600,2.8000,2.7050,2.7600,2211458,10
822,2024-03-26,2.7000,2.7900,2.6500,2.7100,1599699,10
823,2024-03-25,2.6900,2.7550,2.5600,2.5700,1307656,10
824,2024-03-22,2.7200,2.7500,2.6650,2.6900,1554538,10
825,2024-03-21,2.8700,2.8700,2.6800,2.7000,2090705,10
826,2024-03-20,2.6350,2.8000,2.5800,2.8000,1801853,10
827,2024-03-19,2.6300,2.6800,2.5620,2.6200,1183734,10
828,2024-03-18,2.7800,2.7900,2.6100,2.6300,1346593,10
829,2024-03-15,2.5800,2.7900,2.5800,2.7500,5015502,10
830,2024-03-14,2.5600,2.6400,2.5200,2.5900,2379771,10
831,2024-03-13,2.4900,2.5900,2.4600,2.5900,2847391,10
832,2024-03-12,2.6100,2.6250,2.4500,2.4800,2166694,10
833,2024-03-11,2.6200,2.6500,2.5500,2.6500,1791758,10
834,2024-03-08,2.6700,2.6700,2.5500,2.5500,1662805,10
835,2024-03-07,2.5300,2.6900,2.4700,2.6100,3662038,10
836,2024-03-06,2.5500,2.5700,2.4700,2.4800,2643104,10
837,2024-03-05,2.5200,2.6100,2.4700,2.5200,3739657,10
838,2024-03-04,2.5200,2.5400,2.4650,2.4900,2126838,10
839,2024-03-01,2.4900,2.5500,2.4107,2.4900,2829934,10
840,2024-02-29,2.4100,2.5100,2.3900,2.4800,2060573,10
841,2024-02-28,2.3700,2.4200,2.3150,2.3300,1311464,10
842,2024-02-27,2.3900,2.4350,2.3600,2.3700,1456979,10
843,2024-02-26,2.3800,2.3800,2.3100,2.3600,1883243,10
844,2024-02-23,2.3900,2.4300,2.3000,2.4000,2058755,10
845,2024-02-22,2.3700,2.4800,2.3250,2.3700,3655286,10
846,2024-02-21,2.3700,2.4650,2.3500,2.3900,1849061,10
847,2024-02-20,2.3800,2.4200,2.2800,2.3900,2400410,10
848,2024-02-16,2.5200,2.5200,2.3600,2.3700,3119063,10
849,2024-02-15,2.4700,2.5800,2.4400,2.5300,2816570,10
850,2024-02-14,2.3800,2.4300,2.3100,2.4300,2103852,10
851,2024-02-13,2.4100,2.4500,2.3200,2.3500,2160659,10
852,2024-02-12,2.4600,2.5700,2.4600,2.5100,2464542,10
853,2024-02-09,2.3700,2.4900,2.3500,2.4500,2957639,10
854,2024-02-08,2.2600,2.4100,2.2250,2.3700,1789340,10
855,2024-02-07,2.4000,2.4000,2.2400,2.2800,1912681,10
856,2024-02-06,2.3900,2.4350,2.3550,2.4100,910746,10
857,2024-02-05,2.4300,2.4500,2.2900,2.3900,2901428,10
858,2024-02-02,2.5100,2.5300,2.4199,2.5000,2523496,10
859,2024-02-01,2.5800,2.6650,2.5600,2.6000,2163045,10
860,2024-01-31,2.6500,2.6999,2.5400,2.5600,2789595,10
861,2024-01-30,2.8000,2.8300,2.6000,2.6400,3001761,10
862,2024-01-29,2.8800,2.9000,2.7100,2.8000,3824133,10
863,2024-01-26,2.9300,2.9900,2.8100,2.8300,2821243,10
864,2024-01-25,3.2500,3.2950,2.9600,2.9700,3023868,10
865,2024-01-24,3.5200,3.5200,3.0500,3.1700,4991470,10
866,2024-01-23,3.5100,3.5400,3.3800,3.4700,3125058,10
867,2024-01-22,3.5600,3.5800,3.4400,3.5000,4163900,10
868,2024-01-19,3.5700,3.6000,3.4900,3.5800,2976700,10
869,2024-01-18,3.5300,3.5700,3.4850,3.5200,2753518,10
870,2024-01-17,3.4800,3.5500,3.4600,3.5200,2394096,10
871,2024-01-16,3.5400,3.5800,3.4600,3.5400,3169310,10
872,2024-01-12,3.6300,3.6750,3.5300,3.5500,1846208,10
873,2024-01-11,3.5600,3.5950,3.4700,3.5300,2736263,10
874,2024-01-10,3.5700,3.6200,3.4200,3.5700,2196795,10
875,2024-01-09,3.6700,3.6700,3.5600,3.5700,3371097,10
876,2024-01-08,3.6200,3.7100,3.5800,3.6800,1595489,10
877,2024-01-05,3.6600,3.8101,3.6150,3.6600,1818389,10
878,2024-01-04,3.7100,3.7500,3.6100,3.6700,1963452,10
879,2024-01-03,3.7200,3.7550,3.5900,3.6800,1756889,10
880,2024-01-02,3.7500,3.8900,3.7250,3.8000,1906707,10
881,2023-12-29,3.7700,3.7700,3.6800,3.7400,1411852,10
882,2023-12-28,3.8200,3.8700,3.7600,3.7700,1665285,10
883,2023-12-27,3.7300,3.8600,3.7150,3.8500,2215383,10
884,2023-12-26,3.7200,3.7800,3.6400,3.7200,845822,10
885,2023-12-22,3.7000,3.8500,3.6800,3.6900,1495641,10
886,2023-12-21,3.5600,3.6600,3.5600,3.5800,1585145,10
887,2023-12-20,3.6300,3.6600,3.5000,3.5100,1965780,10
888,2023-12-19,3.5100,3.6400,3.4800,3.6300,2280700,10
889,2023-12-18,3.4700,3.5200,3.4200,3.4600,2984199,10
890,2023-12-15,3.7000,3.7000,3.4100,3.4400,4301396,10
891,2023-12-14,3.7300,3.8390,3.6400,3.6900,2678238,10
892,2023-12-13,3.2900,3.6700,3.2500,3.6500,2309771,10
893,2023-12-12,3.6500,3.6500,3.2500,3.3100,2429798,10
894,2023-12-11,3.9300,3.9400,3.6100,3.6500,2400503,10
895,2023-12-08,4.0000,4.0750,3.9250,4.0000,1288715,10
896,2023-12-07,4.0700,4.1100,4.0100,4.0500,1395079,10
897,2023-12-06,4.0700,4.1400,4.0400,4.0700,1342071,10
898,2023-12-05,4.1600,4.1901,4.0700,4.0900,1481356,10
899,2023-12-04,4.2800,4.2900,4.1600,4.2000,2435005,10
900,2023-12-01,4.1500,4.3500,4.1400,4.3300,1684258,10
901,2024-04-25,1.2500,1.2500,1.2000,1.2500,32683,9
902,2024-04-24,1.3500,1.3500,1.3500,1.3500,0,9
903,2024-04-23,1.3500,1.3500,1.3500,1.3500,104,9
904,2024-04-22,1.2500,1.3500,1.2500,1.3500,3733,9
905,2024-04-19,1.2500,1.2500,1.2500,1.2500,1788,9
906,2024-04-18,1.2500,1.2500,1.2500,1.2500,0,9
907,2024-04-17,1.2500,1.2500,1.2500,1.2500,50,9
908,2024-04-16,1.2500,1.2500,1.2500,1.2500,1,9
909,2024-04-15,1.2500,1.2500,1.2500,1.2500,16,9
910,2024-04-12,1.3400,1.3400,1.2500,1.2500,2433,9
911,2024-04-11,1.3500,1.3500,1.3000,1.3000,2331,9
912,2024-04-10,1.3000,1.3000,1.3000,1.3000,3526,9
913,2024-04-09,1.5000,1.5000,1.5000,1.5000,0,9
914,2024-04-08,1.3000,1.8000,1.3000,1.3500,2,9
915,2024-04-05,1.3500,1.3500,1.3500,1.3500,6,9
916,2024-04-04,1.3500,1.3500,1.3500,1.3500,12,9
917,2024-04-03,1.3500,1.3500,1.3500,1.3500,36,9
918,2024-04-02,1.3500,1.3500,1.3500,1.3500,5680,9
919,2024-04-01,1.3500,1.3500,1.3500,1.3500,5700,9
920,2024-03-28,1.3300,1.3500,1.3300,1.3500,8503,9
921,2024-03-27,1.3500,1.3500,1.3500,1.3500,402,9
922,2024-03-26,1.3500,1.3500,1.3500,1.3500,43,9
923,2024-03-25,1.2500,1.3500,1.2500,1.3500,4372,9
924,2024-03-22,1.3500,1.5000,1.3500,1.5000,681,9
925,2024-03-21,1.3500,1.3500,1.3500,1.3500,63,9
926,2024-03-20,1.3500,1.3500,1.3500,1.3500,130,9
927,2024-03-19,1.5000,1.5000,1.5000,1.5000,1002,9
928,2024-03-18,1.5000,1.5000,1.5000,1.5000,2751,9
929,2024-03-15,1.5000,1.5000,1.5000,1.5000,40,9
930,2024-03-14,1.5000,1.5000,1.5000,1.5000,3650,9
931,2024-03-13,1.5000,1.5950,1.5000,1.5000,15018,9
932,2024-03-12,1.4900,1.4900,1.4900,1.4900,6210,9
933,2024-03-11,1.4900,1.5000,1.4900,1.4900,6200,9
934,2024-03-08,1.5000,1.5100,1.5000,1.5100,4610,9
935,2024-03-07,1.5050,1.5050,1.5000,1.5000,2737,9
936,2024-03-06,1.5000,1.5000,1.5000,1.5000,910,9
937,2024-03-05,1.5000,1.5000,1.5000,1.5000,11646,9
938,2024-03-04,1.5000,1.5000,1.5000,1.5000,4162,9
939,2024-03-01,1.5000,1.5000,1.5000,1.5000,233,9
940,2024-02-29,1.5000,1.5000,1.5000,1.5000,181,9
941,2024-02-28,1.5100,1.5100,1.5000,1.5000,2671,9
942,2024-02-27,1.6200,1.6200,1.5000,1.5050,489,9
943,2024-02-26,1.7500,1.7950,1.5000,1.7950,50600,9
944,2024-02-23,1.8500,1.8500,1.8500,1.8500,568,9
945,2024-02-22,1.8500,1.8500,1.8500,1.8500,1759,9
946,2024-02-21,1.8500,1.8500,1.8500,1.8500,334,9
947,2024-02-20,2.0000,2.0000,1.8500,1.8500,910,9
948,2024-02-16,1.8550,1.8550,1.8500,1.8500,6800,9
949,2024-02-15,2.0000,2.0000,2.0000,2.0000,15510,9
950,2024-02-14,2.0050,2.0050,2.0000,2.0000,20200,9
951,2024-02-13,2.0000,2.1000,2.0000,2.0000,28749,9
952,2024-02-12,1.9950,2.3300,1.9950,2.0000,17713,9
953,2024-02-09,1.2600,2.1500,1.2600,2.0000,23303,9
954,2024-02-08,1.4700,1.7400,1.4700,1.7200,38459,9
955,2024-02-07,1.2500,1.2500,1.2500,1.2500,316,9
956,2024-02-06,1.2000,1.2500,1.2000,1.2400,13211,9
957,2024-02-05,1.2500,1.4900,1.2500,1.4600,1764,9
958,2024-02-02,1.4900,1.4900,1.2000,1.2500,575591,9
959,2024-02-01,1.2300,1.2400,1.2300,1.2300,1400,9
960,2024-01-31,1.2000,1.3500,1.2000,1.2500,19476,9
961,2024-01-30,1.4900,1.4900,1.4900,1.4900,1077,9
962,2024-01-29,1.2500,1.2500,1.2500,1.2500,25,9
963,2024-01-26,1.2400,1.2500,1.2400,1.2500,525,9
964,2024-01-25,1.2200,1.2400,1.2000,1.2000,1789,9
965,2024-01-24,1.2000,1.4900,1.2000,1.2100,2953,9
966,2024-01-23,1.2000,1.2100,1.2000,1.2100,2953,9
967,2024-01-22,1.2500,1.2500,1.2500,1.2500,0,9
968,2024-01-19,1.2000,1.2500,0.9821,1.2500,8424,9
969,2024-01-18,1.2500,1.2500,1.2400,1.2400,4254,9
970,2024-01-17,1.2500,1.2500,1.2500,1.2500,225,9
971,2024-01-16,1.2300,1.2500,1.2300,1.2500,7720,9
972,2024-01-12,1.2500,1.2500,1.2500,1.2500,22,9
973,2024-01-11,1.2500,1.2500,1.2500,1.2500,2,9
974,2024-01-10,1.2400,1.2500,1.2400,1.2500,1506,9
975,2024-01-09,1.2000,1.2500,1.2000,1.2500,4095,9
976,2024-01-08,1.2500,1.2500,1.2500,1.2500,0,9
977,2024-01-05,1.2500,1.2500,1.2500,1.2500,1572,9
978,2024-01-04,1.2500,1.2500,1.2300,1.2500,1572,9
979,2024-01-03,1.2800,1.2800,1.2800,1.2800,2,9
980,2024-01-02,1.2000,1.2800,1.2000,1.2800,1517,9
981,2023-12-29,1.2300,1.2600,1.2000,1.2200,370564,9
982,2023-12-28,1.4900,1.4900,1.2300,1.4500,66593,9
983,2023-12-26,1.4900,1.4900,1.2400,1.4900,4101,9
984,2023-12-22,1.2100,1.4500,1.2000,1.2100,395566,9
985,2023-12-21,1.2500,1.3000,1.2500,1.3000,7820,9
986,2023-12-20,1.4900,1.4900,1.2500,1.4900,97364,9
987,2023-12-19,1.3000,1.3000,1.3000,1.3000,683030,9
988,2023-12-18,1.2000,1.3000,1.2000,1.3000,683030,9
989,2023-12-15,1.2000,1.2500,1.2000,1.2500,93010,9
990,2023-12-14,1.3000,1.3000,1.2100,1.2900,13449,9
991,2023-12-13,1.2000,1.2400,1.2000,1.2400,6957,9
992,2023-12-12,1.3000,1.3000,1.2000,1.2500,13546,9
993,2023-12-11,1.3000,1.3000,1.2300,1.2300,752,9
994,2023-12-08,1.2000,1.4900,1.2000,1.4900,686848,9
995,2023-12-07,1.1200,1.2000,1.1200,1.2000,316,9
996,2023-12-05,1.5000,1.5000,1.2000,1.5000,3055,9
997,2023-12-04,1.2000,1.2500,1.2000,1.2200,10947,9
998,2023-12-01,1.2000,1.2000,1.2000,1.2000,600,9
999,2023-11-30,1.2000,1.2500,1.2000,1.2000,524277,9
1000,2023-11-29,1.2000,1.2500,1.2000,1.2000,100620,9
